index,arm,score,judge_raw
0,coax_primer_coords,0.2,0.2
1,coax_primer_coords,0.0,0.0
2,coax_primer_coords,0.3,0.3
3,coax_primer_coords,0.0,0.0
4,coax_primer_coords,0.6,0.6
5,coax_primer_coords,0.2,0.2
6,coax_primer_coords,0.6,0.6
7,coax_primer_coords,0.0,0.0
8,coax_primer_coords,0.7,0.7
9,coax_primer_coords,0.0,0.0
10,coax_primer_coords,0.3,0.3
11,coax_primer_coords,0.0,0.0
12,coax_primer_coords,0.6,0.6
13,coax_primer_coords,0.9,0.9
14,coax_primer_coords,0.0,0.0
15,coax_primer_coords,0.0,0.0
16,coax_primer_coords,0.3,0.3
17,coax_primer_coords,0.0,0.0
18,coax_primer_coords,0.0,0.0
19,coax_primer_coords,0.0,0.0
20,coax_primer_coords,0.9,0.9
21,coax_primer_coords,0.3,0.3
22,coax_primer_coords,0.2,0.2
23,coax_primer_coords,0.0,0.0
24,coax_primer_coords,0.0,0.0
25,coax_primer_coords,0.3,0.3
26,coax_primer_coords,0.3,0.3
27,coax_primer_coords,0.6,0.6
28,coax_primer_coords,0.3,0.3
29,coax_primer_coords,1.0,1.0
30,coax_primer_coords,0.3,0.3
31,coax_primer_coords,0.3,0.3
32,coax_primer_coords,0.3,0.3
33,coax_primer_coords,0.7,0.7
34,coax_primer_coords,0.3,0.3
35,coax_primer_coords,0.2,0.2
36,coax_primer_coords,0.0,0.0
37,coax_primer_coords,0.0,0.0
38,coax_primer_coords,0.7,0.7
39,coax_primer_coords,0.6,0.6
40,coax_primer_coords,0.3,0.3
41,coax_primer_coords,1.0,1.0
42,coax_primer_coords,0.0,0.0
43,coax_primer_coords,0.9,0.9
44,coax_primer_coords,0.0,0.0
45,coax_primer_coords,0.9,0.9
46,coax_primer_coords,0.2,0.2
47,coax_primer_coords,0.3,0.3
48,coax_primer_coords,0.0,0.0
49,coax_primer_coords,0.9,0.9
50,coax_primer_coords,0.0,0.0
51,coax_primer_coords,0.6,0.6
52,coax_primer_coords,0.2,0.2
53,coax_primer_coords,0.7,0.7
54,coax_primer_coords,0.6,0.6
55,coax_primer_coords,0.6,0.6
56,coax_primer_coords,0.6,0.6
57,coax_primer_coords,0.0,0.0
58,coax_primer_coords,0.3,0.3
59,coax_primer_coords,1.0,1.0
60,coax_primer_coords,0.6,0.6
61,coax_primer_coords,0.9,0.9
62,coax_primer_coords,0.9,0.9
63,coax_primer_coords,0.7,0.7
64,coax_primer_coords,0.3,0.3
65,coax_primer_coords,0.3,0.3
66,coax_primer_coords,0.0,0.0
67,coax_primer_coords,1.0,1.0
68,coax_primer_coords,0.6,0.6
69,coax_primer_coords,0.9,0.9
70,coax_primer_coords,0.6,0.6
71,coax_primer_coords,0.0,0.0
72,coax_primer_coords,0.5,0.5
73,coax_primer_coords,0.2,0.2
74,coax_primer_coords,0.9,0.9
75,coax_primer_coords,0.3,0.3
76,coax_primer_coords,0.2,0.2
77,coax_primer_coords,0.3,0.3
78,coax_primer_coords,0.2,0.2
79,coax_primer_coords,0.7,0.7
80,coax_primer_coords,1.0,1.0
81,coax_primer_coords,0.0,0.0
82,coax_primer_coords,0.3,0.3
83,coax_primer_coords,0.6,0.6
84,coax_primer_coords,0.9,0.9
85,coax_primer_coords,0.9,0.9
86,coax_primer_coords,0.2,0.2
87,coax_primer_coords,0.9,0.9
88,coax_primer_coords,0.3,0.3
89,coax_primer_coords,0.6,0.6
90,coax_primer_coords,0.0,0.0
91,coax_primer_coords,0.6,0.6
92,coax_primer_coords,1.0,1.0
93,coax_primer_coords,0.6,0.6
94,coax_primer_coords,0.3,0.3
95,coax_primer_coords,0.0,0.0
96,coax_primer_coords,0.9,0.9
97,coax_primer_coords,0.5,0.5
98,coax_primer_coords,0.0,0.0
99,coax_primer_coords,0.3,0.3
100,coax_primer_coords,0.6,0.6
101,coax_primer_coords,0.3,0.3
102,coax_primer_coords,0.0,0.0
103,coax_primer_coords,0.0,0.0
104,coax_primer_coords,0.3,0.3
105,coax_primer_coords,0.9,0.9
106,coax_primer_coords,0.0,0.0
107,coax_primer_coords,0.5,0.5
108,coax_primer_coords,0.7,0.7
109,coax_primer_coords,0.0,0.0
110,coax_primer_coords,0.2,0.2
111,coax_primer_coords,0.0,0.0
112,coax_primer_coords,0.0,0.0
113,coax_primer_coords,0.3,0.3
114,coax_primer_coords,0.0,0.0
115,coax_primer_coords,0.0,0.0
116,coax_primer_coords,0.9,0.9
117,coax_primer_coords,0.0,0.0
118,coax_primer_coords,0.3,0.3
119,coax_primer_coords,0.3,0.3
120,coax_primer_coords,0.0,0.0
121,coax_primer_coords,0.6,0.6
122,coax_primer_coords,0.7,0.7
123,coax_primer_coords,0.3,0.3
124,coax_primer_coords,0.3,0.3
125,coax_primer_coords,0.3,0.3
126,coax_primer_coords,0.6,0.6
127,coax_primer_coords,0.3,0.3
128,coax_primer_coords,0.0,0.0
129,coax_primer_coords,0.9,0.9
130,coax_primer_coords,0.6,0.6
131,coax_primer_coords,0.3,0.3
132,coax_primer_coords,0.6,0.6
133,coax_primer_coords,0.3,0.3
134,coax_primer_coords,0.7,0.7
135,coax_primer_coords,0.0,0.0
136,coax_primer_coords,0.7,0.7
137,coax_primer_coords,0.6,0.6
138,coax_primer_coords,0.0,0.0
139,coax_primer_coords,0.6,0.6
140,coax_primer_coords,0.0,0.0
141,coax_primer_coords,0.0,0.0
142,coax_primer_coords,0.2,0.2
143,coax_primer_coords,0.3,0.3
144,coax_primer_coords,0.0,0.0
145,coax_primer_coords,0.9,0.9
146,coax_primer_coords,0.0,0.0
147,coax_primer_coords,0.9,0.9
148,coax_primer_coords,0.7,0.7
149,coax_primer_coords,0.3,0.3
150,coax_primer_coords,0.0,0.0
151,coax_primer_coords,0.9,0.9
152,coax_primer_coords,0.0,0.0
153,coax_primer_coords,0.2,0.2
154,coax_primer_coords,0.2,0.2
155,coax_primer_coords,0.3,0.3
156,coax_primer_coords,1.0,1.0
157,coax_primer_coords,0.0,0.0
158,coax_primer_coords,0.0,0.0
159,coax_primer_coords,0.3,0.3
160,coax_primer_coords,0.7,0.7
161,coax_primer_coords,0.3,0.3
162,coax_primer_coords,0.0,0.0
163,coax_primer_coords,0.0,0.0
164,coax_primer_coords,0.3,0.3
165,coax_primer_coords,0.2,0.2
166,coax_primer_coords,0.7,0.7
167,coax_primer_coords,0.3,0.3
168,coax_primer_coords,0.0,0.0
169,coax_primer_coords,0.3,0.3
170,coax_primer_coords,0.7,0.7
171,coax_primer_coords,0.7,0.7
172,coax_primer_coords,0.3,0.3
173,coax_primer_coords,0.3,0.3
174,coax_primer_coords,0.0,0.0
175,coax_primer_coords,0.3,0.3
176,coax_primer_coords,0.3,0.3
177,coax_primer_coords,0.6,0.6
178,coax_primer_coords,0.3,0.3
179,coax_primer_coords,0.0,0.0
180,coax_primer_coords,0.6,0.6
181,coax_primer_coords,0.3,0.3
182,coax_primer_coords,0.0,0.0
183,coax_primer_coords,0.3,0.3
184,coax_primer_coords,0.3,0.3
185,coax_primer_coords,0.2,0.2
186,coax_primer_coords,0.3,0.3
187,coax_primer_coords,0.0,0.0
188,coax_primer_coords,0.6,0.6
189,coax_primer_coords,0.3,0.3
190,coax_primer_coords,0.3,0.3
191,coax_primer_coords,0.6,0.6
192,coax_primer_coords,0.3,0.3
193,coax_primer_coords,0.2,0.2
194,coax_primer_coords,0.3,0.3
195,coax_primer_coords,0.9,0.9
196,coax_primer_coords,0.3,0.3
197,coax_primer_coords,0.0,0.0
198,coax_primer_coords,0.0,0.0
199,coax_primer_coords,0.6,0.6
200,coax_primer_coords,0.3,0.3
201,coax_primer_coords,0.6,0.6
202,coax_primer_coords,0.3,0.3
203,coax_primer_coords,0.9,0.9
204,coax_primer_coords,0.9,0.9
205,coax_primer_coords,0.0,0.0
206,coax_primer_coords,0.3,0.3
207,coax_primer_coords,1.0,1.0
208,coax_primer_coords,0.5,0.5
209,coax_primer_coords,0.2,0.2
210,coax_primer_coords,0.2,0.2
211,coax_primer_coords,0.0,0.0
212,coax_primer_coords,0.3,0.3
213,coax_primer_coords,0.2,0.2
214,coax_primer_coords,0.9,0.9
215,coax_primer_coords,0.9,0.9
216,coax_primer_coords,0.3,0.3
217,coax_primer_coords,0.3,0.3
218,coax_primer_coords,0.6,0.6
219,coax_primer_coords,0.3,0.3
220,coax_primer_coords,1.0,1.0
221,coax_primer_coords,0.0,0.0
222,coax_primer_coords,0.3,0.3
223,coax_primer_coords,0.3,0.3
224,coax_primer_coords,0.3,0.3
225,coax_primer_coords,0.6,0.6
226,coax_primer_coords,0.3,0.3
227,coax_primer_coords,0.3,0.3
228,coax_primer_coords,0.6,0.6
229,coax_primer_coords,0.0,0.0
230,coax_primer_coords,0.2,0.2
231,coax_primer_coords,0.5,0.5
232,coax_primer_coords,0.9,0.9
233,coax_primer_coords,0.3,0.3
234,coax_primer_coords,0.0,0.0
235,coax_primer_coords,0.6,0.6
236,coax_primer_coords,1.0,1.0
237,coax_primer_coords,0.2,0.2
238,coax_primer_coords,0.0,0.0
239,coax_primer_coords,0.3,0.3
240,coax_primer_coords,0.2,0.2
241,coax_primer_coords,0.9,0.9
242,coax_primer_coords,0.5,0.5
243,coax_primer_coords,0.6,0.6
244,coax_primer_coords,0.7,0.7
245,coax_primer_coords,0.6,0.6
246,coax_primer_coords,0.3,0.3
247,coax_primer_coords,0.2,0.2
248,coax_primer_coords,0.0,0.0
249,coax_primer_coords,1.0,1.0
250,coax_primer_coords,0.7,0.7
251,coax_primer_coords,0.3,0.3
252,coax_primer_coords,0.6,0.6
253,coax_primer_coords,0.3,0.3
254,coax_primer_coords,0.6,0.6
255,coax_primer_coords,0.6,0.6
256,coax_primer_coords,0.6,0.6
257,coax_primer_coords,0.2,0.2
258,coax_primer_coords,0.0,0.0
259,coax_primer_coords,0.0,0.0
260,coax_primer_coords,0.9,0.9
261,coax_primer_coords,0.9,0.9
262,coax_primer_coords,0.7,0.7
263,coax_primer_coords,0.3,0.3
264,coax_primer_coords,0.0,0.0
265,coax_primer_coords,0.9,0.9
266,coax_primer_coords,0.7,0.7
267,coax_primer_coords,0.3,0.3
268,coax_primer_coords,0.2,0.2
269,coax_primer_coords,0.3,0.3
270,coax_primer_coords,0.0,0.0
271,coax_primer_coords,0.0,0.0
272,coax_primer_coords,0.6,0.6
273,coax_primer_coords,0.9,0.9
274,coax_primer_coords,0.2,0.2
275,coax_primer_coords,0.6,0.6
276,coax_primer_coords,0.3,0.3
277,coax_primer_coords,0.7,0.7
278,coax_primer_coords,0.6,0.6
279,coax_primer_coords,0.9,0.9
280,coax_primer_coords,0.7,0.7
281,coax_primer_coords,0.3,0.3
282,coax_primer_coords,0.3,0.3
283,coax_primer_coords,0.0,0.0
284,coax_primer_coords,0.6,0.6
285,coax_primer_coords,0.3,0.3
286,coax_primer_coords,0.2,0.2
287,coax_primer_coords,0.3,0.3
288,coax_primer_coords,0.6,0.6
289,coax_primer_coords,0.6,0.6
290,coax_primer_coords,0.3,0.3
291,coax_primer_coords,0.0,0.0
292,coax_primer_coords,0.3,0.3
293,coax_primer_coords,0.2,0.2
294,coax_primer_coords,0.5,0.5
295,coax_primer_coords,1.0,1.0
296,coax_primer_coords,0.3,0.3
297,coax_primer_coords,0.6,0.6
298,coax_primer_coords,0.7,0.7
299,coax_primer_coords,0.3,0.3
300,coax_primer_coords,0.3,0.3
301,coax_primer_coords,0.0,0.0
302,coax_primer_coords,1.0,1.0
303,coax_primer_coords,0.0,0.0
304,coax_primer_coords,0.3,0.3
305,coax_primer_coords,0.3,0.3
306,coax_primer_coords,0.3,0.3
307,coax_primer_coords,0.2,0.2
308,coax_primer_coords,0.2,0.2
309,coax_primer_coords,0.0,0.0
310,coax_primer_coords,0.0,0.0
311,coax_primer_coords,0.3,0.3
312,coax_primer_coords,0.0,0.0
313,coax_primer_coords,0.6,0.6
314,coax_primer_coords,0.0,0.0
315,coax_primer_coords,0.2,0.2
316,coax_primer_coords,0.0,0.0
317,coax_primer_coords,0.3,0.3
318,coax_primer_coords,0.0,0.0
319,coax_primer_coords,0.9,0.9
320,coax_primer_coords,0.2,0.2
321,coax_primer_coords,0.0,0.0
322,coax_primer_coords,0.0,0.0
323,coax_primer_coords,0.3,0.3
324,coax_primer_coords,0.2,0.2
325,coax_primer_coords,0.0,0.0
326,coax_primer_coords,0.0,0.0
327,coax_primer_coords,0.9,0.9
328,coax_primer_coords,0.3,0.3
329,coax_primer_coords,0.3,0.3
330,coax_primer_coords,0.6,0.6
331,coax_primer_coords,0.2,0.2
332,coax_primer_coords,0.7,0.7
333,coax_primer_coords,0.6,0.6
334,coax_primer_coords,0.0,0.0
335,coax_primer_coords,0.6,0.6
336,coax_primer_coords,0.0,0.0
337,coax_primer_coords,0.0,0.0
338,coax_primer_coords,1.0,1.0
339,coax_primer_coords,0.0,0.0
340,coax_primer_coords,0.9,0.9
341,coax_primer_coords,0.2,0.2
342,coax_primer_coords,0.5,0.5
343,coax_primer_coords,0.2,0.2
344,coax_primer_coords,0.0,0.0
345,coax_primer_coords,0.9,0.9
346,coax_primer_coords,0.7,0.7
347,coax_primer_coords,0.3,0.3
348,coax_primer_coords,0.0,0.0
349,coax_primer_coords,0.0,0.0
350,coax_primer_coords,0.3,0.3
351,coax_primer_coords,1.0,1.0
352,coax_primer_coords,0.0,0.0
353,coax_primer_coords,0.3,0.3
354,coax_primer_coords,1.0,1.0
355,coax_primer_coords,0.0,0.0
356,coax_primer_coords,0.3,0.3
357,coax_primer_coords,0.2,0.2
358,coax_primer_coords,0.1,0.1
359,coax_primer_coords,0.3,0.3
360,coax_primer_coords,0.3,0.3
361,coax_primer_coords,0.9,0.9
362,coax_primer_coords,0.9,0.9
363,coax_primer_coords,0.0,0.0
364,coax_primer_coords,0.2,0.2
365,coax_primer_coords,0.3,0.3
366,coax_primer_coords,0.6,0.6
367,coax_primer_coords,1.0,1.0
368,coax_primer_coords,0.6,0.6
369,coax_primer_coords,0.9,0.9
370,coax_primer_coords,0.6,0.6
371,coax_primer_coords,0.3,0.3
372,coax_primer_coords,0.9,0.9
373,coax_primer_coords,0.0,0.0
374,coax_primer_coords,0.6,0.6
375,coax_primer_coords,0.3,0.3
376,coax_primer_coords,0.0,0.0
377,coax_primer_coords,0.3,0.3
378,coax_primer_coords,0.2,0.2
379,coax_primer_coords,0.6,0.6
380,coax_primer_coords,0.0,0.0
381,coax_primer_coords,0.0,0.0
382,coax_primer_coords,0.0,0.0
383,coax_primer_coords,0.3,0.3
384,coax_primer_coords,0.0,0.0
385,coax_primer_coords,0.0,0.0
386,coax_primer_coords,1.0,1.0
387,coax_primer_coords,0.6,0.6
388,coax_primer_coords,0.3,0.3
389,coax_primer_coords,0.3,0.3
390,coax_primer_coords,0.3,0.3
391,coax_primer_coords,0.0,0.0
392,coax_primer_coords,0.0,0.0
393,coax_primer_coords,0.0,0.0
394,coax_primer_coords,0.0,0.0
395,coax_primer_coords,0.6,0.6
396,coax_primer_coords,0.0,0.0
397,coax_primer_coords,0.3,0.3
398,coax_primer_coords,0.1,0.1
399,coax_primer_coords,0.0,0.0
400,coax_primer_coords,0.2,0.2
401,coax_primer_coords,0.3,0.3
402,coax_primer_coords,0.7,0.7
403,coax_primer_coords,0.3,0.3
404,coax_primer_coords,0.9,0.9
405,coax_primer_coords,0.3,0.3
406,coax_primer_coords,0.7,0.7
407,coax_primer_coords,0.3,0.3
408,coax_primer_coords,0.2,0.2
409,coax_primer_coords,0.2,0.2
410,coax_primer_coords,0.0,0.0
411,coax_primer_coords,0.2,0.2
412,coax_primer_coords,0.3,0.3
413,coax_primer_coords,0.3,0.3
414,coax_primer_coords,0.5,0.5
415,coax_primer_coords,0.9,0.9
416,coax_primer_coords,0.0,0.0
417,coax_primer_coords,0.0,0.0
418,coax_primer_coords,0.9,0.9
419,coax_primer_coords,0.2,0.2
420,coax_primer_coords,0.0,0.0
421,coax_primer_coords,0.3,0.3
422,coax_primer_coords,0.3,0.3
423,coax_primer_coords,0.6,0.6
424,coax_primer_coords,0.7,0.7
425,coax_primer_coords,0.6,0.6
426,coax_primer_coords,0.7,0.7
427,coax_primer_coords,0.0,0.0
428,coax_primer_coords,0.6,0.6
429,coax_primer_coords,0.3,0.3
430,coax_primer_coords,0.3,0.3
431,coax_primer_coords,0.3,0.3
432,coax_primer_coords,0.0,0.0
433,coax_primer_coords,0.7,0.7
434,coax_primer_coords,0.0,0.0
435,coax_primer_coords,0.3,0.3
436,coax_primer_coords,0.3,0.3
437,coax_primer_coords,0.6,0.6
438,coax_primer_coords,0.0,0.0
439,coax_primer_coords,0.3,0.3
440,coax_primer_coords,0.0,0.0
441,coax_primer_coords,0.2,0.2
442,coax_primer_coords,0.0,0.0
443,coax_primer_coords,0.2,0.2
444,coax_primer_coords,0.9,0.9
445,coax_primer_coords,0.7,0.7
446,coax_primer_coords,0.7,0.7
447,coax_primer_coords,0.2,0.2
448,coax_primer_coords,0.3,0.3
449,coax_primer_coords,0.0,0.0
450,coax_primer_coords,0.9,0.9
451,coax_primer_coords,0.9,0.9
452,coax_primer_coords,0.0,0.0
453,coax_primer_coords,0.3,0.3
454,coax_primer_coords,0.0,0.0
455,coax_primer_coords,0.9,0.9
456,coax_primer_coords,0.2,0.2
457,coax_primer_coords,0.7,0.7
458,coax_primer_coords,0.3,0.3
459,coax_primer_coords,0.2,0.2
460,coax_primer_coords,0.3,0.3
461,coax_primer_coords,0.0,0.0
462,coax_primer_coords,0.0,0.0
463,coax_primer_coords,0.0,0.0
464,coax_primer_coords,0.7,0.7
465,coax_primer_coords,0.2,0.2
466,coax_primer_coords,0.8,0.8
467,coax_primer_coords,0.0,0.0
468,coax_primer_coords,0.7,0.7
469,coax_primer_coords,0.0,0.0
470,coax_primer_coords,0.3,0.3
471,coax_primer_coords,0.9,0.9
472,coax_primer_coords,0.3,0.3
473,coax_primer_coords,0.2,0.2
474,coax_primer_coords,0.3,0.3
475,coax_primer_coords,0.2,0.2
476,coax_primer_coords,0.2,0.2
477,coax_primer_coords,0.0,0.0
478,coax_primer_coords,0.0,0.0
479,coax_primer_coords,0.6,0.6
480,coax_primer_coords,0.0,0.0
481,coax_primer_coords,0.3,0.3
482,coax_primer_coords,0.0,0.0
483,coax_primer_coords,0.3,0.3
484,coax_primer_coords,0.6,0.6
485,coax_primer_coords,0.0,0.0
486,coax_primer_coords,0.6,0.6
487,coax_primer_coords,0.9,0.9
488,coax_primer_coords,0.2,0.2
489,coax_primer_coords,1.0,1.0
490,coax_primer_coords,0.0,0.0
491,coax_primer_coords,0.3,0.3
492,coax_primer_coords,0.3,0.3
493,coax_primer_coords,0.0,0.0
494,coax_primer_coords,0.0,0.0
495,coax_primer_coords,0.9,0.9
496,coax_primer_coords,0.2,0.2
497,coax_primer_coords,0.2,0.2
498,coax_primer_coords,0.6,0.6
499,coax_primer_coords,0.3,0.3
500,coax_primer_coords,0.0,0.0
501,coax_primer_coords,0.0,0.0
502,coax_primer_coords,0.3,0.3
503,coax_primer_coords,0.9,0.9
504,coax_primer_coords,1.0,1.0
505,coax_primer_coords,0.9,0.9
506,coax_primer_coords,0.2,0.2
507,coax_primer_coords,0.3,0.3
508,coax_primer_coords,0.3,0.3
509,coax_primer_coords,0.6,0.6
510,coax_primer_coords,0.3,0.3
511,coax_primer_coords,0.0,0.0
512,coax_primer_coords,0.3,0.3
513,coax_primer_coords,0.3,0.3
514,coax_primer_coords,0.0,0.0
515,coax_primer_coords,0.6,0.6
516,coax_primer_coords,0.9,0.9
517,coax_primer_coords,0.6,0.6
518,coax_primer_coords,0.9,0.9
519,coax_primer_coords,0.3,0.3
520,coax_primer_coords,0.0,0.0
521,coax_primer_coords,0.0,0.0
522,coax_primer_coords,0.0,0.0
523,coax_primer_coords,0.3,0.3
524,coax_primer_coords,0.6,0.6
525,coax_primer_coords,0.0,0.0
526,coax_primer_coords,0.3,0.3
527,coax_primer_coords,0.3,0.3
528,coax_primer_coords,0.0,0.0
529,coax_primer_coords,0.2,0.2
530,coax_primer_coords,0.3,0.3
531,coax_primer_coords,0.0,0.0
532,coax_primer_coords,0.0,0.0
533,coax_primer_coords,0.7,0.7
534,coax_primer_coords,0.7,0.7
535,coax_primer_coords,0.0,0.0
536,coax_primer_coords,0.3,0.3
537,coax_primer_coords,0.3,0.3
538,coax_primer_coords,0.7,0.7
539,coax_primer_coords,0.9,0.9
540,coax_primer_coords,0.2,0.2
541,coax_primer_coords,0.9,0.9
542,coax_primer_coords,0.3,0.3
543,coax_primer_coords,0.0,0.0
544,coax_primer_coords,0.0,0.0
545,coax_primer_coords,0.2,0.2
546,coax_primer_coords,0.6,0.6
547,coax_primer_coords,0.3,0.3
548,coax_primer_coords,0.3,0.3
549,coax_primer_coords,0.0,0.0
550,coax_primer_coords,0.0,0.0
551,coax_primer_coords,0.3,0.3
552,coax_primer_coords,0.0,0.0
553,coax_primer_coords,0.2,0.2
554,coax_primer_coords,0.2,0.2
555,coax_primer_coords,0.6,0.6
556,coax_primer_coords,0.6,0.6
557,coax_primer_coords,0.0,0.0
558,coax_primer_coords,0.0,0.0
559,coax_primer_coords,0.0,0.0
560,coax_primer_coords,0.3,0.3
561,coax_primer_coords,0.2,0.2
562,coax_primer_coords,0.7,0.7
563,coax_primer_coords,0.6,0.6
564,coax_primer_coords,0.7,0.7
565,coax_primer_coords,0.6,0.6
566,coax_primer_coords,0.3,0.3
567,coax_primer_coords,0.3,0.3
568,coax_primer_coords,0.0,0.0
569,coax_primer_coords,0.7,0.7
570,coax_primer_coords,0.7,0.7
571,coax_primer_coords,0.2,0.2
572,coax_primer_coords,0.6,0.6
573,coax_primer_coords,0.6,0.6
574,coax_primer_coords,0.6,0.6
575,coax_primer_coords,0.9,0.9
576,coax_primer_coords,0.6,0.6
577,coax_primer_coords,0.2,0.2
